"","H3K4me1_K562_E1_IRpseudo12","H3K4me1_K562_E1_IR12","H3K4me1_K562_E2_IRpseudo123","H3K4me1_K562_E2_IR123","H3K4me1_A549_E1_IRpseudo123","H3K4me1_A549_E1_IR123","H3K4me1_A549_E2_IRpseudo12","H3K4me1_A549_E2_IR12","H3K4me1_A549_E3_IRpseudo12","H3K4me1_A549_E3_IR12","H3K4me3_K562_E1_IRpseudo12","H3K4me3_K562_E1_IR12","H3K4me3_K562_E2_IRpseudo12","H3K4me3_K562_E2_IR12","H3K4me3_K562_E3_IRpseudo12","H3K4me3_K562_E3_IR12","H3K4me3_K562_E4_IRpseudo12","H3K4me3_K562_E4_IR12","H3K4me3_A549_E1_IRpseudo123","H3K4me3_A549_E1_IR123","H3K4me3_A549_E2_IRpseudo12","H3K4me3_A549_E2_IR12","H3K4me3_A549_E3_IRpseudo12","H3K4me3_A549_E3_IR12","H3K4me3_A549_E4_IRpseudo123","H3K4me3_A549_E4_IR123","H3K9ac_K562_E1_IRpseudo12","H3K9ac_K562_E1_IR12","H3K9ac_K562_E2_IRpseudo12","H3K9ac_K562_E2_IR12","H3K9ac_A549_E1_IRpseudo12","H3K9ac_A549_E1_IR12","H3K27me3_K562_E1_IRpseudo12","H3K27me3_K562_E1_IR12","H3K27me3_K562_E2_IRpseudo123","H3K27me3_K562_E2_IR123","H3K27me3_A549_E1_IRpseudo12","H3K27me3_A549_E1_IR12","H3K27me3_A549_E2_IRpseudo12","H3K27me3_A549_E2_IR12","H3K27ac_K562_E1_IRpseudo12","H3K27ac_K562_E1_IR12","H3K27ac_A549_E1_IRpseudo123","H3K27ac_A549_E1_IR123","H3K27ac_A549_E2_IRpseudo123","H3K27ac_A549_E2_IR123","H3K27ac_A549_E3_IRpseudo12","H3K27ac_A549_E3_IR12","H3K27ac_A549_E4_IRpseudo12","H3K27ac_A549_E4_IR12","H3K36me3_K562_E1_IRpseudo12","H3K36me3_K562_E1_IR12","H3K36me3_K562_E2_IRpseudo12","H3K36me3_K562_E2_IR12","H3K36me3_A549_E1_IRpseudo12","H3K36me3_A549_E1_IR12","H3K36me3_A549_E2_IRpseudo12","H3K36me3_A549_E2_IR12"
"H3K4me1_K562_E1_IRpseudo12",100,70.4424198379921,40.2839569633267,40.9389013949696,31.2069057199071,29.6444334154599,38.062108938795,24.39778790081,26.8394278320364,22.8982398922311,21.1425634117376,20.4628037648227,19.9000301327614,19.3310526968821,22.3416700639878,22.3966180406615,30.6893312299484,30.1930269245086,22.8521544924402,22.5268979208395,22.3407838062995,22.3434425793644,26.6391335944839,26.0347058510733,22.4382721520109,21.6734317670206,55.0897779038233,47.7949908715458,29.185351932928,27.7283442933867,28.3088430792137,26.8553804704256,16.6625307974547,16.4817342290444,8.78901749472677,4.35772905329954,4.52523175638549,4.30189481893755,6.93408015314533,5.51252282113547,30.678696137689,28.4329191555737,40.598578442668,37.7430561710123,29.5354237198008,28.0615771841821,25.2468227661875,22.8636758423879,26.8562667281139,20.9236577627311,8.73141074498821,8.81383270999876,7.99404434833472,7.58813832709999,19.9868833862134,9.83037027846217,6.49981388588546,5.37603913713951
"H3K4me1_K562_E1_IR12",85.7486541594295,100,45.1253061180456,45.9290345549286,34.5592439558543,32.8341945993764,41.6126352583259,26.7884306258294,29.6451727746432,25.2974874046584,22.0901254679426,21.3230772550246,20.7297206908828,20.0511365475279,23.5519402759647,23.6058817817958,32.8223274680936,32.2429956954678,23.4872104689675,23.1042257775668,22.9575048817063,22.9585837118229,27.6029473638786,26.9545704637891,23.0146828778872,22.182904857972,57.1089510534776,49.7351472063694,30.9893950999536,29.3355485311728,29.4542198440012,27.8791278737337,15.0313400148879,14.8479388950622,7.87330219110397,3.96362184846752,4.52892882957721,4.29698035450358,6.87969965369553,5.42112133602322,32.5957731436031,30.1856666630706,42.168232768386,39.2413666619917,30.606410408553,29.0690774923673,25.9588102661474,23.4214018318535,27.8251863679026,21.3263137453745,8.07504342291219,8.13437907932638,8.21097601760651,7.86035622970451,19.2819306743767,9.32432869795993,6.2518205258218,5.10933943231959
"H3K4me1_K562_E2_IRpseudo123",45.6915802606334,43.109359110114,100,81.1685520480589,42.0169212543116,40.3981841627963,46.7095813719426,32.9492676892109,37.052724280008,30.4100311376241,19.4122642399589,18.469748277995,15.7816382374218,15.2857427424174,19.9815480746045,20.0654204627659,36.0001258085822,34.9003491188157,17.3783588270447,16.8101233972511,17.5366679596993,17.5020705995827,24.8356625394462,24.0325844228007,16.8352851136995,15.9336569409643,38.7679146179089,28.1433798475619,34.8856714508875,33.3015317194888,26.5969826908359,24.4163005986392,3.56562490171205,3.41255779331747,1.81269198913853,0.853401549542371,3.9902288667792,3.60546428608872,6.04719918643783,4.41378442699433,38.2007275929673,34.4453414130401,38.952433871864,36.4100521057211,28.0846691758489,25.9165679418764,24.4970277722445,22.3561850644245,24.6794502164956,20.54558988499,5.25670192801652,5.29025088328109,11.461161842257,10.9411530356562,16.6193137141839,8.65038843399767,6.12163593093109,4.81846869987314
"H3K4me1_K562_E2_IR123",45.1865295422464,42.6961080863077,78.0611010284332,100,41.1242185924582,39.5281306715064,46.2119378907038,32.1738253680177,36.3581367211131,29.7368421052632,19.4988909054245,18.5753176043557,15.8217382536802,15.3377697116354,19.9516031457955,20.0191570881226,36.1716071788667,35.0736035491026,17.1677757612422,16.6293607582174,17.3845533373664,17.3472474289171,24.4948578342408,23.6832022585199,16.6374269005848,15.782415809639,38.3424077434967,27.6628352490421,34.9929421254285,33.5128050010083,26.2079048195201,24.0209719701553,2.63258721516435,2.51966122202057,1.25428513813269,0.577737447065941,3.74571486186731,3.38273845533374,5.6634402097197,4.11474087517645,38.6791691873362,34.8638838475499,37.8775962895745,35.4143980641258,27.2141560798548,25.0857027626538,24.0996168582375,22.0498084291188,24.2962290784432,20.3196208913087,5.4547287759629,5.50816696914701,12.1879411171607,11.6515426497278,17.816091954023,9.30933655979028,6.62936075821738,5.20367009477717
"H3K4me1_A549_E1_IRpseudo123",24.5016972056434,22.9605379578836,26.9895915445376,27.0708321938193,100,86.582423062692,85.7732340213317,61.6407393703448,69.9425684914979,55.7334984958415,15.1099564035328,14.7343189459629,12.7974131690288,12.5086469007899,15.4678978780908,15.4928331268802,20.0181786007304,19.6731069319992,23.9241646691656,22.7538167017905,24.6939399301813,24.669809044256,38.6383745435241,37.2605009571918,23.5372661314972,21.8432779395441,22.7763388619874,18.9499847171056,18.8413957304419,18.1078167983141,39.9285725776612,35.4378147069706,11.5321503836811,10.916812792587,6.65851578964302,3.10966683290166,2.34713083766349,2.27634690561606,3.29949646884703,2.75011663261531,17.9750969257251,16.579527356381,67.6131336368463,62.6984765367352,49.811779089783,43.5900323353871,40.983092292595,37.2669358601052,38.3962613214073,31.48839304387,4.54625890831872,4.5438458197262,8.33159054712762,8.29137240391886,21.1394604333907,12.7700648316469,9.16330174868487,7.44518267080645
"H3K4me1_A549_E1_IR123",24.7224070895653,23.193456863638,27.8836386563452,27.9449367753687,94.2598689971628,100,87.5372167151214,64.2623209219237,72.9193667028617,58.518687169428,15.3744439384917,14.9856387264002,12.9916984833094,12.7053486987285,15.7124592805352,15.7431083400469,20.4131493222179,20.0856422291499,24.3712564363025,23.1163963711514,25.3152474692634,25.2968580335563,40.2273284528355,38.7552979088585,24.0087218466496,22.1881677116536,23.179445865004,19.2642474342359,19.3763354233073,18.6320011208799,41.6660828750569,36.9443763354233,11.5406844372833,10.9364601211951,6.70338715891975,3.14021506882903,2.21636484640443,2.15331535255175,3.06052751409857,2.55525587586255,18.5383025675155,17.1083050194403,69.2344740621388,64.446215278994,51.8249325720691,45.5129776874847,43.1486216680094,39.3787873480682,40.1485165855196,33.2612350695296,4.74009597534064,4.75848541104767,8.69645171459596,8.63077515849942,21.7354373182949,13.1615818417458,9.49245157448597,7.72181162212337
"H3K4me1_A549_E2_IRpseudo12",27.2205224396919,25.3071139742624,27.1659414830645,27.4949647145647,75.7045555880137,72.1321935394597,100,55.4373395243001,66.9323964883689,51.9357020956012,15.643978413616,15.218861948617,14.0103934441352,13.6821389585031,16.1928629633616,16.241293953045,20.4824649067511,20.1442167248351,23.6443166617979,22.5942098061223,24.2247197921311,24.1955074491475,35.8143324979628,34.4920896050184,23.2707061699543,21.7101520579327,25.7329991851294,21.6202087913777,18.9503543918451,18.1662336064944,36.6330468473732,32.5048815362617,12.8980181731523,12.2845589704955,7.71205854768531,3.7076613213204,2.64986700696484,2.56069248627789,3.74302363124798,3.06806475915192,18.4791131747667,16.9977398871481,64.7530019526145,59.442505496533,46.2070078873326,40.5920880675266,37.3433680293968,33.3036084931043,35.2531480143294,27.9823495948709,5.42734582801617,5.42734582801617,8.96203932903861,8.97203302532249,22.3851109300288,13.2208914377085,10.0897895173813,8.23403699205117
"H3K4me1_A549_E2_IR12",26.0606381010283,24.4098754989294,30.2172821231265,30.1697020961645,87.9199598213106,85.6480135338743,95.3107240094103,100,81.3235177499934,67.3931431894478,15.1608469244799,14.6652216436256,13.3501625650921,13.0686474055669,15.7265205783617,15.7886389468954,20.8426951441939,20.440908249848,25.0138775078639,23.3829399169993,26.2721048875261,26.2496365414607,43.7789114747165,42.0237371467844,24.5856572652058,22.2687742856388,25.2094842853744,20.9008485104808,19.9862546588776,19.1932542095107,46.4896513441358,40.6227696862362,12.2756469561999,11.5923449023288,7.69342602627475,3.7469271232587,1.39568079088578,1.34942243133938,2.01422114139198,1.6150775818773,19.8157595622638,18.1557452882557,74.3556871348894,69.9320662948376,58.3093230419497,51.5622108852528,50.1176283999894,45.6979725621845,44.9208321218049,37.8485897808675,5.32896301974571,5.34614469614866,9.30586027332082,9.30189527107399,23.8574185192038,14.3612381380349,11.0835029473183,9.10761016097909
"H3K4me1_A549_E3_IRpseudo12",23.4453710723612,21.8321961081627,27.0853340072445,27.2226434167298,85.0619155926207,82.5574930502906,92.7377642995535,70.3706511667088,100,66.7062589503833,12.7588240249347,12.3342599612501,10.5719821413529,10.3327436610227,13.0123831185241,13.0553449583017,17.945413191812,17.6059304186673,20.6503243197709,19.3395670120462,21.5087187263078,21.4691264425912,36.862100918204,35.3735995282621,20.068233510235,18.2326678460113,21.9754022407548,17.8359026198298,17.3144638193918,16.6388678291635,40.5829331985511,35.3618060820487,10.6250526493135,10.0876084575857,6.18987448403673,2.85822592873389,1.38236037402072,1.34782242439559,1.89537528430629,1.5120882823688,16.9547637098812,15.4350939263752,70.3041024345043,65.6616965714767,52.2820318423048,45.6499031252633,44.0999073372083,39.9595653272681,39.1592957627833,32.7049111279589,4.63819391795131,4.60112880128043,8.29837418920057,8.16022239070003,23.1353719147502,13.8674079690001,10.2746188189706,8.30342852329206
"H3K4me1_A549_E3_IR12",26.2728201793097,24.5017884517118,29.1018256143448,29.1540855669624,87.7595577646676,85.6110930459423,93.9227481767083,74.7050216007804,91.9624192874065,100,12.6910391601245,12.2114089283226,10.716774283458,10.4636038463325,13.0916987968598,13.1509267431598,18.3629860175593,17.9727783713476,21.9770520741395,20.3395735587866,23.0234124587727,22.9746365029962,41.6163422678497,39.8197612300832,21.2593487248572,18.9529428159985,24.2718446601942,19.7937473870024,17.8659358015515,17.1064244901751,46.2488967343336,40.0311237051145,11.8362986017559,11.2138244994658,6.95754169182887,3.25521438193896,1.42960003716263,1.39127607190969,1.92548892089004,1.54689459748223,17.968133042226,16.252845264087,75.3693036651647,70.9957262972082,57.8958981743856,51.0962976726901,50.3855623170902,46.0154689459748,45.2257629953082,38.228736005946,5.10057137548195,5.08663538811725,8.50908161843267,8.35926975426209,24.1533887675942,14.3935522831793,10.9978166953129,8.91903191341107
"H3K4me3_K562_E1_IRpseudo12",77.4803745389199,71.8244585264353,63.5344746051263,64.4140735836565,63.9742740943914,61.5151801759198,68.6512815662537,45.8526435259624,53.6839118509411,42.8118793152369,100,90.8256880733945,86.3047384848198,83.5382578265393,89.5062896055992,89.6434313818216,94.6420126737917,93.9752198997446,75.3192093067247,74.7801002553674,75.470538163246,75.4658091364797,77.7168258772345,77.0689492102525,75.0354677007472,74.0518301333585,87.6950723541095,81.9776789936631,83.6517544689303,80.2468551972004,74.8179324694978,73.5647403764305,7.7839780573158,7.72250070935401,4.01967275134777,2.17535231249409,6.04842523408683,5.85453513666887,9.00406696301901,7.26851413979003,76.071124562565,74.6476875059113,78.634257069895,77.3337747091648,73.0918376998014,72.3020902298307,65.4733755793058,58.7676156247044,72.7655348529273,54.5871559633027,6.83344367729121,6.93275323938334,14.8160408587913,14.2249125130048,19.3842807150288,11.0564645795895,8.07244869005959,6.66792774047101
"H3K4me3_K562_E1_IR12",78.8603034454762,73.0248135180393,63.2008930836758,64.1548688283351,65.4285279342366,62.901507078703,69.9903587557721,46.5672096209469,54.7013751458872,43.476937128939,97.4577561272644,100,90.0390724108185,87.3598213832648,91.5157050794134,91.5715228091541,95.3163850408484,94.7582077434414,78.5456944233014,78.1143756025778,78.6116608311767,78.6319581874461,80.4231998782159,79.7838331557315,78.3376465215406,77.4344141675547,89.6990916933069,84.964733343482,84.6450499822398,81.1539047039123,77.4851575582281,76.3282082508753,7.92611762317958,7.85507687623687,4.11021464454255,2.22256051149338,6.12472725427513,5.91667935251433,9.08814126959964,7.33241995230121,76.9016085654844,75.5721317298422,81.0118232100269,79.8396508854722,75.871517734815,75.1814076216573,68.2498604556756,61.3233876287614,75.5924290861115,56.8123001978992,6.90110113157761,7.04318262546303,15.1012330643934,14.492312376313,19.5717257827168,11.3005531029583,8.27117267975846,6.79454001116355
"H3K4me3_K562_E2_IRpseudo12",75.5965761715373,69.3800795434895,53.9296213038215,55.2913712605914,57.997579111188,55.3821545910427,65.0484177762407,41.8684074010029,46.9436278748055,36.8320940688224,91.4144907487463,89.460487636175,100,90.0959709493343,89.9792495244683,90.1824312640498,93.1826041846792,92.6119661075566,74.8270793705689,74.3385785924261,74.5806674736296,74.5374373162718,77.5203181739582,76.8934808922704,74.165657962995,73.3875151305551,89.3869963686668,82.5652775376102,82.2799584990489,79.0160816185371,74.5504063634792,73.5172056026284,7.00760850769497,6.92979422445098,3.20335466021096,1.61248486944492,5.11412761542452,4.95849904893654,7.86356562337887,6.40670932042193,74.2650873249179,72.8860453052049,77.2436451668684,75.8213729897977,70.6207850596576,69.855611274425,63.8768805118451,57.4831402386305,71.6842469306588,54.271139546948,6.25108075393394,6.43264741483659,12.6145599169981,11.9488154936884,17.3266470689953,10.0985647587757,7.17620612139028,5.96143869963687
"H3K4me3_K562_E2_IR12",76.6361587637401,70.0685278020512,54.5002989467875,55.9306443453065,59.0718852044336,56.4365542933358,66.0718392126201,42.7217955203974,48.0292507933588,37.676493584142,92.1583958055466,90.3785126247528,95.8515384261601,100,90.9442119302764,91.0545922825737,93.961274893069,93.3357862300511,76.1394471784022,75.6611323184473,76.0520627328336,76.029066826105,78.6092075610541,78.052706618222,75.4817642459642,74.7183001425746,90.6774594122246,84.8089040150853,83.6223152278894,80.2971071149335,75.9876741939935,74.9528583912064,6.48484569746585,6.4066596145886,2.93887687991537,1.51313066274203,5.02230602952674,4.90272731453801,7.68063284735317,6.21349399806834,75.7991077588189,74.5389320700915,78.4252403072253,76.9672998206319,72.0875684128225,71.3149059467415,65.777491606494,59.3386377224854,73.2511612932898,55.9260451639608,6.44345306535437,6.62282113783746,12.882306949363,12.1832313848135,17.6148645541094,10.2377776755737,7.29430161431265,6.07551855769673
"H3K4me3_K562_E3_IRpseudo12",72.3531004603304,66.8934470620092,57.2197400487409,58.4484159220146,58.3231789872732,55.4731925264013,63.7185215272136,40.8577037638776,47.0721635526672,36.7959653398321,81.4378554021121,78.4761711345789,74.4245870565936,72.2109396154888,100,95.3899268887084,88.9114541023558,88.2243433522881,69.7908204711617,69.1680205794747,69.4997292174384,69.5132683455186,73.2602220417005,72.5528025995126,69.107094503114,68.0679664229624,79.7420796100731,72.8032764689954,78.4423233143786,75.3046303818034,70.1326834551855,68.8803141077715,7.61237476306526,7.54129434064446,4.1429731925264,2.25764960736529,5.5713512049824,5.37164906580016,8.18101814243163,6.86772271865692,71.3748984565394,69.7942052531817,74.2959653398321,72.5155699972922,66.8122122935283,65.8137015976171,59.7041700514487,53.5844841592201,67.3097752504739,50.3757108042242,5.01286217167614,5.0264012997563,11.1697806661251,10.6688329271595,15.712158137016,8.84443541835906,6.06891416192797,5.0534795559166
"H3K4me3_K562_E3_IR12",72.249722194161,66.7643196282453,57.3660639121797,58.5277974206149,58.2920833754251,55.4803515506617,63.7202411017948,40.8728154359026,47.1057682594201,36.9027174462067,81.2742027814257,78.2368589419807,74.1758426777116,71.8860490958683,94.8984745933933,100,88.8507256625248,88.126746809442,69.6770717580901,69.060847897094,69.3032966292892,69.2898272552783,73.111762130855,72.4079873387884,68.9429908744991,67.8957470451561,79.6141024345894,72.6470687274809,78.4692056436677,75.2735966595952,69.9902347038421,68.6601340202714,7.62366569013705,7.56978819409368,4.1822406303667,2.28979358184328,5.50897397043472,5.3136680472775,8.08499175000842,6.77172778395124,71.3641108529481,69.7747247196687,74.1859447082197,72.3743139037613,66.6969727581911,65.6901370508806,59.5144290669091,53.4195373270027,67.1044213220191,50.1734181903896,5.01734181903896,5.0611172845742,11.2166212075294,10.7249890561336,15.7389635316699,8.88305216015086,6.05785096137657,5.04091322355793
"H3K4me3_K562_E4_IRpseudo12",67.5346541504255,62.8479830246558,70.4269206817815,71.813086698803,51.8739765205157,49.5721567451623,56.671356413036,37.7240122702216,43.8291394699818,35.1500334432733,55.8364277971262,53.5622852134603,52.5382291210185,51.0805636921374,56.929676868787,57.0726756925064,100,85.4533293355168,48.4904398367046,47.7731392854672,48.8271790022372,48.822566136956,54.3187951195885,53.2278524805683,47.9599603293586,46.8436469312914,68.125100906428,58.0759738911825,73.0354959983394,69.4466868095117,53.2716747007404,51.0667250962936,4.72357404801993,4.63131674239454,2.32027123647854,1.13707129183292,4.95191087944277,4.70281615425422,7.41748737228129,5.69458218972715,70.9274165647992,68.4526143413982,60.8206287335378,58.9109025070923,53.0248864081925,51.4795765389672,47.0097100814171,42.1961851604124,50.9398713010586,39.1816776991028,4.86887930437992,4.92884655303642,12.350946790599,11.8250801485343,16.6616693959453,9.0181516248818,6.57794589109025,5.3324722651475
"H3K4me3_K562_E4_IR12",69.487848280233,64.5930331765107,71.0845135655608,72.5007922385004,52.9775979328669,50.6642615118348,57.8821636642859,38.3540940448041,44.7821953538259,35.892060551398,58.1381176413232,55.8320941910636,54.8545937644736,53.3066816176291,59.410574555737,59.5348950588694,90.3151890402945,100,50.4911878702191,49.7793920483631,50.8617117226921,50.8787753211613,56.1587402189016,55.0301050630134,49.9451527192063,48.7823903663798,70.8188089608269,60.4246398361895,74.614240791751,71.1405796748166,55.1251736830558,52.9702849620944,4.7095531774858,4.55354313433927,2.2792092240938,1.13107281281232,4.89725276064647,4.63886112668503,7.33003437096263,5.57735904248836,72.5056675523487,69.9973185773834,62.847670818809,60.936547790264,54.978914267606,53.438315091534,48.8457694464081,43.7681300733735,52.933720108232,40.6844940643054,4.99232138068888,5.06788874533798,12.4296126563148,11.7763206006387,16.6345708504985,8.93401262706287,6.5085439875192,5.29459083928528
"H3K4me3_A549_E1_IRpseudo123",63.4700903744083,57.4630612537656,44.1256634629178,44.6205709367379,80.7595753837326,77.894132836035,83.9477836752259,61.5908764883087,69.1113183187491,58.6321905035146,55.2897719122077,54.2210586716397,53.8731889255487,52.607229952661,57.2227800889399,57.3196098120786,58.8617128102137,58.4779802037011,100,89.0976904317888,88.9040309855114,88.9004446994692,97.2672500358629,96.0443264954813,88.4162960837756,82.8073447138144,60.4504375268971,57.778654425477,52.2486013484435,50.1864868741931,89.0833452876201,86.6841199254052,16.461052933582,15.9840768899727,9.98780662745661,5.42246449576818,11.1676947353321,10.8772055659159,14.3845933151628,12.4946205709367,48.8882513269258,47.5720843494477,92.3361067278726,90.4389614115622,85.9776215750968,84.7726294649261,76.1045761009898,69.4053937742074,85.4755415291924,64.4204561755846,4.66217185482714,4.5545832735619,9.68655859991393,9.20599627026252,19.1471811791709,12.4731028546837,8.24845789700186,6.97174006598766
"H3K4me3_A549_E1_IR123",67.3168448154794,60.8332683155185,45.3772333619412,45.9623936958727,79.9563080283998,76.9251774986346,83.1629866583444,59.3586642740111,67.4338768822657,56.4757743621752,59.4015760318327,58.3599906374347,58.0362019193259,56.6825310134977,61.4262307872357,61.5354607162362,62.3819926659905,62.0269953967387,96.9181555746274,100,91.6439104314582,91.6478115003511,97.4487009440587,96.2705781384099,92.2056643520325,87.5516891628306,64.0906608410705,61.5900756807365,55.2898494187407,53.0584380120153,89.1589295466958,87.0991651712569,17.3246469532652,16.8058047905126,10.56409456191,5.81649371927908,12.1362253257393,11.8358430209878,15.5418584692206,13.5952250916751,51.4043848014356,50.2184598580011,92.4397284856051,90.5282047280955,85.9366466411797,84.9886869002107,75.4349691815557,68.405243036592,85.6791760942498,63.4391823359601,4.79831473823828,4.70078801591636,9.90091285012093,9.40157603183272,18.7641413747367,12.0777092923461,8.07911367714754,6.85027697589139
"H3K4me3_A549_E2_IRpseudo12",61.109061846797,55.1088159350793,41.7681052502152,42.1277511373417,77.3484569039715,74.4743637034305,81.1662363211607,58.7575310463544,65.5600639370466,55.3147669986475,54.7122832902988,53.5534243206689,53.0370097135129,51.6568301979589,56.5412516906431,56.6242468953646,58.1488995450633,57.7093323496865,86.2719783597688,82.8630271732448,100,95.4414115332596,98.2325095290791,96.7478175335055,84.6704782982909,80.0350424197713,59.1448420017214,56.0125414976024,51.1250461084471,48.6321160703308,89.2321406615025,86.5855157998279,14.3120619697529,13.8202385343662,8.36099840157384,4.25119881962376,9.23091110291405,8.9665560063937,12.2925119881962,10.6694946514201,47.1013156276897,45.8164269027419,91.2270994712898,89.4503873109554,84.2954629288086,82.8937661379565,74.3852207057666,67.3060371326694,84.6704782982909,63.0363949342186,3.89155293249723,3.88847903602607,8.53313660395918,8.05975654739948,16.0027050288946,10.2084101807451,6.57506455182589,5.5914176810525
"H3K4me3_A549_E2_IR12",61.2625670758034,55.2334546351693,41.710355887251,42.0495898353173,77.2219823598347,74.3724171960772,81.0368223030901,58.5795349410967,65.4073891321779,55.1471041756615,54.8695491272436,53.73157342873,53.1702954419293,51.7979399247517,56.7630913464504,56.818602356134,58.2711404428545,57.8609757601924,86.501572811941,83.1215691112071,95.7534077592056,100,98.22981558009,96.7279343736508,84.9380127058533,80.2781718374144,59.1932399925985,56.1216307901067,51.2058224881268,48.7448343921544,89.252451736261,86.5663356565719,14.4020230679085,13.9024239807562,8.39449824215136,4.28359958058348,9.24258311231728,8.98353173379387,12.3080244248443,10.6920372540554,47.0980077715414,45.8644297785727,91.2940233146241,89.5207549497317,84.3150558194042,82.9118608524024,74.2798988466046,67.1744896071054,84.6666255474002,62.9001418614692,3.83951150311478,3.84567939307963,8.52402393141306,8.03984456917289,15.9470795041016,10.1276753222722,6.57497070252267,5.5911922531302
"H3K4me3_A549_E3_IRpseudo12",45.4151609724047,41.2840834428384,37.2022831800263,37.32752956636,84.1204007884363,82.0815538764783,86.8470762155059,70.2509034165572,76.4721583442838,67.7480289093298,35.0813074901445,34.2415407358738,34.1121879106439,33.1307490144547,36.6581800262812,36.7156701708279,40.1199080157687,39.6415078843627,56.8023160315374,53.6547306176084,58.6686925098555,58.5968298291721,100,88.1775624178712,55.7736530880421,51.1641754270696,42.6392082785808,39.2472897503285,35.828679369251,34.0505913272011,80.3465834428384,73.698258869908,13.4526938239159,12.9599211563732,8.20055847568988,4.1557161629435,7.03022339027595,6.79204993429698,9.20663600525624,7.86588370565046,34.1224540078844,32.7570630749014,88.6107917214192,86.5822109067017,81.1473390275953,77.342723390276,73.7105781865966,67.6638469119579,76.6774802890933,59.9540078843627,4.02431011826544,4.02431011826544,8.34223061760841,8.03835413929041,18.4399638633377,11.4816031537451,7.65440210249671,6.20072273324573
"H3K4me3_A549_E3_IR12",46.5171038001177,42.2656812087121,37.7678941286764,37.8485621470774,84.356945080341,82.2682974687684,86.838031700351,70.0547234395099,76.4274968931912,67.5452940022238,36.8849063596922,36.0149998909892,35.8580242876142,34.8725663330935,38.4415810931607,38.5004469444263,41.5026053589727,41.0076961649988,59.2582902740532,56.0337497547256,61.1899622822509,61.1027536137092,93.6315869797458,100,58.1878038677044,53.6049883358406,43.868140493165,40.6763032245405,37.2577234177077,35.4110798613382,81.2981010312425,75.2414590010247,13.3363856367323,12.8763599101751,8.19107419277476,4.18165565657226,7.15329103712909,6.91346719863954,9.3378681840975,7.99485468855604,35.1734362395622,33.8849281618593,88.7849652255434,86.8750953844812,81.7973706586435,78.0931824623368,74.279983430353,68.2189809667081,77.6527786862014,60.5795016024593,4.06174373732749,4.07482503760874,8.5835132012122,8.24339939389975,18.7411428696012,11.6728802843003,7.76157150020712,6.3204482525563
"H3K4me3_A549_E4_IRpseudo123",63.3409676495849,57.1034926996851,43.5012882908674,43.9020898940739,79.7809905525336,76.9753793300887,83.1806470083023,60.3850558259376,67.8356713426854,56.8744632121386,56.4700830231892,55.4430289149728,54.9098196392786,53.6394217005439,58.234325794446,58.3381047809905,59.7337532207272,59.3544231319782,90.7708273690238,87.5250501002004,89.2892928714572,89.3179215574005,97.1729172630976,95.8703120526768,100,86.1508731749213,60.9254222731177,58.2557973089035,52.9308617234469,50.8660177497853,88.9958488405382,86.6196679072431,16.0929000858861,15.6742055539651,9.7158602920126,5.32135699971371,10.9898368164901,10.6784998568566,14.1282565130261,12.3282278843401,49.3809046664758,48.117663899227,92.1163756083596,90.2447752648153,85.6534497566562,84.4546235327798,75.7371886630404,68.9199828227884,85.2132837102777,63.920698539937,4.25851703406814,4.20125966218151,9.13612940166047,8.73174921271114,18.0074434583453,11.623246492986,7.59733753220727,6.39135413684512
"H3K4me3_A549_E4_IR123",68.1183673469388,61.3714285714286,45.5102040816327,46.069387755102,79.2857142857143,76.2,82.8,58.0408163265306,66.2285714285714,54.4530612244898,63.0938775510204,62.0367346938775,61.6122448979592,60.2040816326531,64.934693877551,65.0244897959184,65.4979591836735,65.0979591836735,95.7469387755102,93.5632653061224,94.534693877551,94.5428571428571,98.3510204081633,97.3918367346939,98.2612244897959,100,66.2040816326531,63.8204081632653,58.0122448979592,55.8163265306123,90.4734693877551,88.5551020408163,16.7428571428571,16.3142857142857,10.2326530612245,5.66122448979592,11.8122448979592,11.4612244897959,15.1755102040816,13.1755102040816,53.8122448979592,52.6734693877551,93.2734693877551,91.4530612244898,86.8816326530612,85.9469387755102,76.1877551020408,68.7918367346939,86.9265306122449,63.6367346938775,4.31428571428571,4.26938775510204,9.51836734693878,9.06938775510204,17.465306122449,11.065306122449,7.29387755102041,6.2
"H3K9ac_K562_E1_IRpseudo12",60.7814172731724,53.9896596652254,36.4268583141769,36.9704312898862,31.098183387414,29.7321969476925,38.6343455132408,25.2201263081021,26.8342475871169,22.7014332069146,24.9479248790446,24.1968813019195,23.5719798504552,22.8275753325754,25.4724105594237,25.5346517398485,32.1670719259081,31.8384384932655,22.7080722661599,22.3860778927626,22.5628428451688,22.5221786072913,26.4657797990025,25.9379745890007,22.2566162374792,21.6234159619582,100,65.4719126299803,31.3081436360468,29.7877990688719,29.2624835060872,27.8691109469788,11.4316301380094,11.2631640096598,5.31705657308359,2.64566510925402,2.48300815774405,2.33611897194168,4.27638403638204,3.20251620345397,31.6127104789251,29.314766097644,41.4791823998539,38.6766695159296,29.859168955759,28.373679449622,26.2666080216433,23.9670038755508,27.7794836471672,22.2425082365829,11.0415854073478,11.0532037610271,10.0009128706462,9.26231752960605,24.0416932920605,12.383505257305,7.8955012074789,6.51872629648379
"H3K9ac_K562_E1_IR12",65.4833435954054,58.3526189515701,30.2713433406229,30.5770823159727,30.1513832565447,28.7628187434977,37.7162997091233,24.0981761820845,25.7638166415423,21.8497208008663,26.9506783583516,26.3455699696384,26.5504575468694,25.9092549735663,27.7033482664175,27.7596127306312,31.4942992420221,31.1726363617062,25.5833457185928,25.2797299305718,25.2393893713242,25.2107263423852,28.4645109237988,27.9910401494724,25.1863096881038,24.576954924733,83.7523089662201,100,29.6853436378692,27.9931633368012,31.0983248051976,29.897662370751,13.9090001910869,13.7306524554661,6.43962716830506,3.19858171086435,2.54888638824603,2.41406399286609,4.4183528312703,3.3344656999087,29.2458438608038,27.4751056285696,43.0178984691819,40.2439542240812,31.6981252255887,30.3318541794943,27.8487865984416,25.3678422047177,29.8594449988322,23.5949807851547,11.8505700757978,11.9036497590182,9.21357141340581,8.55750652880104,24.9134801163507,12.8643920253084,8.03626403957621,6.67742414913268
"H3K9ac_K562_E2_IRpseudo12",69.5388476419534,64.4724458851825,75.7502875666632,77.295304820663,55.6049356896371,53.4873993516679,59.9184356373523,41.1638607131653,47.5922827564572,38.5260901390777,55.6859772038063,53.756666318101,52.3162187598034,51.3594060441284,56.6924605249399,56.7944159782495,80.5970929624595,78.850779044233,47.9818048729478,47.3177873052389,48.373941231831,48.3660985046534,54.2690578270417,53.4507999581721,47.4458851824741,46.3635888319565,72.9478197218446,61.053016835721,100,83.8675101955453,55.5082087211126,53.1763045069539,1.32019240824009,1.29404998431455,0.478406357837499,0.206525149011816,3.38544389835826,3.20506117327199,5.10300115026665,3.93443480079473,82.6126738471191,79.0233190421416,64.3600334623026,62.3026246993621,56.3264665899822,54.5304820662972,51.1528808951166,46.2171912579734,53.5893548049775,42.9520025096727,6.10687022900763,6.14608386489595,14.4802886123601,13.6437310467427,18.4983791697166,10.3419429049461,7.59698839276378,6.12778416814807
"H3K9ac_K562_E2_IR12",69.1562385243355,64.0179655941922,76.5402107285105,78.3367701477359,56.6650659585887,54.5295330640377,60.9050591791192,41.979040140109,48.5777237931132,39.2361797689331,56.4927544419649,54.4956357165052,52.9843789723454,52.043727578317,57.5153244258637,57.5689952261236,81.8310217225502,80.2689189570916,48.4054122764894,47.6879184203836,48.8771503629841,48.9025733736335,54.6509985593627,53.8402869975424,47.8517556001243,46.7896387107709,72.9188441004491,60.6310556198977,90.6217338493263,100,55.7131154487161,53.4984887432558,0.988672636366204,0.951950509872602,0.386994717663343,0.166661958701732,3.38126041637242,3.1665772153329,5.07895257196124,3.84734894494506,84.3987457981413,81.7152057851473,64.187452331855,62.1959831643174,56.4842801050818,54.7470410440383,51.9618089884467,47.2190051128499,53.8657100081919,43.9111889494647,6.32185531482162,6.36705177819836,15.0278240727663,14.3018558797774,19.0107624078416,10.6409423462614,7.87548374339708,6.35857744131522
"H3K9ac_A549_E1_IRpseudo12",47.2131284275497,42.9634881247785,38.9036011426903,39.0453948328711,88.5856079404466,86.615092687199,91.6675355005526,76.0639739766874,82.3279187605563,73.2260149717455,34.1305753070459,33.3340284004421,33.2255979314803,32.4394770315074,35.4421669412182,35.5276601955919,39.5124799299372,39.0203724169569,51.2625894030069,48.6998769731218,53.6126112976208,53.5667368684447,76.6082115228225,73.7890193298163,50.6724774276956,46.9670746710595,46.2601914214817,42.1398336009342,36.5348124361407,34.530933961674,100,79.3773588840002,13.6330462706174,13.0262526846967,8.01551389786684,3.97022332506203,3.55109785849824,3.43849698688408,5.29224096586525,4.38517838897346,35.3358216735826,33.6238713847822,95.842108555581,94.3866380299018,88.533477907292,83.9522905936568,81.9067080926663,74.3124048626895,82.6782325833559,63.7195821256542,5.03576120274412,5.03367600141794,8.97053610526096,8.63064828909231,22.4409366724357,13.8853556310862,9.58775569781262,7.79448255729091
"H3K9ac_A549_E1_IR12",52.4562676743662,47.6938862333892,41.3999349333066,41.4474836707625,88.1678720688706,86.120773793138,90.7004679796792,74.2961535573963,80.7252433744588,71.4807677869817,40.0185189819565,39.1551340123627,39.1025801446483,38.1741284816937,41.4825195825721,41.5275657548988,44.8484696814235,44.4080182186741,59.4984859480968,56.7756950874646,62.0060562076128,61.9560049050276,83.0125879026002,80.7602792862684,58.8453164493606,54.8862584148752,51.5753647488676,47.7339272754573,41.3924272379189,39.2427237918867,95.2651467754448,100,14.1670211967266,13.6314722590655,8.46617783227808,4.28689406641808,4.03413498836307,3.91150929702945,6.00115117995946,5.00513025851498,39.518005956105,37.8437898846317,96.4863985585225,95.3477314247103,91.0758527490678,87.6748667384069,83.9785780424936,76.7061237768713,87.2994819690182,67.5667559248229,5.37801246277434,5.38802272329137,9.56480392402212,9.1719011987287,22.976050451713,14.3296879301284,10.0027528216422,8.18088540754273
"H3K27me3_K562_E1_IRpseudo12",11.4793404942848,9.14916045997285,2.27230448053246,1.76796036902555,11.404240073309,10.7462501464114,14.2532331075727,9.04650025148306,9.44336119168521,8.02058716127299,1.28428609815418,1.23123350718966,1.20505170905132,1.06105181929047,1.66116619240866,1.67425709147782,1.4413768869842,1.37247741819911,4.19184368088522,4.10158537677674,3.73779618159144,3.7439971337821,5.4747517896637,5.20466587202613,4.08229352551692,3.84390136352049,7.88347721839065,7.53140093289881,0.349320306740435,0.248038087626344,5.6518234244414,5.06962291320734,100,81.245564596697,41.2363320678798,19.8058412969636,18.773038259875,17.1814605309393,26.4567070187889,20.0924630871096,0.135042958818788,0.0626985165944371,14.746553304074,12.7140189749137,8.26242429670867,7.3081666540351,5.06342196101668,4.49017838072468,5.28734523456824,3.53729872742681,0.0751004209757543,0.0737224316000524,0.0110239150056153,0.0144688884448701,4.77266620274358,2.22683083113429,1.57159688298803,1.23674546469247
"H3K27me3_K562_E1_IR12",12.2634515295615,9.77271876287116,2.3604298498521,1.83697158048452,11.5550230276706,10.8885310967162,14.5010671359569,9.11895757666529,9.59074399970045,8.12595948627701,1.37492043284532,1.31800651514584,1.28580521960535,1.13078968060808,1.77706219343243,1.79203954019545,1.53143370651889,1.44007189126446,4.38836260156513,4.29325644961995,3.90384543378141,3.90908750514846,5.66443254577452,5.38810049799678,4.28651664357659,4.03564608529599,8.42101321750852,8.06455236454862,0.373684801737372,0.259108099000262,5.80746620736137,5.23907589770472,88.3056876474333,100,42.3072602688434,20.4335941887895,18.6430523832703,17.0629422997716,26.3092073239226,19.9782828471936,0.134796120867188,0.06440259108099,15.0514846294979,12.9666379600854,8.42775302355188,7.44823454525031,5.14546748043584,4.53963380387164,5.43303253828584,3.59081888643427,0.0756356011532557,0.0726401318006515,0.0104841427341147,0.0134796120867188,4.83618526977946,2.2548395551728,1.59583629759988,1.25360392406485
"H3K27me3_K562_E2_IRpseudo123",9.71006633014893,7.5582996120312,1.55604688999207,1.136373117517,9.57156564181719,9.058445621793,12.563514246381,8.21909807684285,8.05473280213591,6.86412748738058,0.882733302740812,0.844353593925994,0.742563931417129,0.646614659380084,1.29156063576822,1.31075049017563,0.957824037378499,0.898585791164323,3.79458512369113,3.73951858495682,3.27562471319511,3.27395603020316,4.95181677860748,4.73822535563806,3.65691877685537,3.47586667222894,5.25217971715823,4.99436819490217,0.172708689666681,0.128488590380043,4.9901964874223,4.55467022652372,73.2626924200075,70.4676484084936,100,29.3271035834967,18.3171332026198,17.0239038838597,25.8787701806349,20.5097826540403,0.0584039047182012,0.0258645863752034,12.3006966751491,10.7821951524759,6.93421217304243,6.17329272871386,4.39864836677652,3.9514413249343,4.56134495849151,3.22055817446081,0.0258645863752034,0.0292019523591006,0.00584039047182012,0.00667473196779442,4.25180426348504,2.04330232364107,1.21480121813858,0.929456426515373
"H3K27me3_K562_E2_IR123",11.4481597305749,9.02333413519365,1.9485205677171,1.40245369256675,10.466682703873,9.85085398123647,13.6372383930719,8.64084676449362,8.9078662496993,7.59441905220111,1.21962954053404,1.17151792157806,0.959826798171758,0.844358912677411,1.76088525378879,1.79215780611018,1.23646860716863,1.17632908347366,4.5681982198701,4.54173682944431,3.92350252586,3.92350252586,5.79023334135194,5.56170315131104,4.49362521048833,4.27712292518643,6.83425547269666,6.49025739716141,0.197257637719509,0.139523694972336,5.59057012268463,5.12629299975944,80.1323069521289,77.1421698340149,84.5561703151311,100,19.3384652393553,18.0153957180659,26.8246331489055,21.2701467404378,0.0817897522251624,0.0240558094779889,13.4760644695694,11.842675006014,7.65215299494828,6.84147221554005,4.65479913399086,4.16165503969209,5.14313206639403,3.45200866009141,0.02165022853019,0.0288669713735867,0.00481116189559779,0.00721674284339668,4.28674524897763,1.96776521529949,1.25090209285542,0.921337503006976
"H3K27me3_A549_E1_IRpseudo12",3.76599529875753,3.19941698877561,2.74072433428835,2.63212420425398,2.04125375992227,1.80833505998014,2.51495037974322,0.848081278623636,1.11029343469345,0.854511549480934,1.12243950186835,1.07456970770847,0.963826154055,0.908811614498117,1.2724791552053,1.26533440980831,1.64543486492859,1.57041503826011,3.02651415016826,3.02079835385066,2.41349499510585,2.40849367332795,2.96364039067468,2.86718632781521,2.96149696705558,2.86289948057701,1.98409579674628,1.67401384651658,1.05099204789837,0.983831441166594,1.40465694504976,1.33749633831798,19.5365918135507,18.2191007623443,12.0224630795282,5.38428013117753,100,67.8000614448104,81.8544901152447,65.1393582589684,0.977401170309296,0.880947107449826,1.91050491915721,1.69044676092967,0.935247172467009,0.877374734751327,0.162900195051549,0.112172502732865,1.02812886262798,0.124318569907761,0.22434500546573,0.22577395454513,0.405821538549474,0.394389945914277,0.00857369447639733,0.000714474539699778,0.00285789815879911,0.00142894907939956
"H3K27me3_A549_E1_IR12",4.32861496546364,3.68242269706681,2.94890714915689,2.82840102342884,2.41012251456116,2.13942034807059,2.97073796903517,1.00509094719561,1.32469415021351,1.01469650794205,1.30722949431089,1.24959612983225,1.1264703057188,1.06796370844503,1.48274928613219,1.47576342377114,1.87745050953134,1.78663429883773,3.57239536488032,3.57064889929006,2.83975304976554,2.83713335138014,3.48070592139158,3.36456595963918,3.48856501654776,3.36980535640997,2.25730677541326,1.92722477885379,1.19370923094388,1.11337181379184,1.64953675000218,1.56919933285014,21.0117275164386,19.5988368539169,13.2382091741837,6.00871486329541,82.8654260939424,100,84.4127946069143,68.7548573574229,1.081062200372,0.978893963341687,2.255560309823,2.00057633364479,1.10551271863566,1.03740056061545,0.181632421387218,0.117886427342665,1.22077944759293,0.135351083245282,0.238392553070723,0.241012251456116,0.417405276072548,0.402560318555324,0.00873232795130854,0.00261969838539256,0.00349293118052342,0.000873232795130854
"H3K27me3_A549_E2_IRpseudo12",4.24256144139124,3.61682861421656,3.11531362100791,2.97484298633604,2.21908775351467,1.92363505496929,2.73453371875689,0.929892383241041,1.21199456692091,0.920024611383926,1.29906314213074,1.23985651098805,1.15801205029081,1.09009856162714,1.44824063432359,1.44185560547487,1.9050604255912,1.8156700217091,2.93827418474791,2.91795818386561,2.46694296427867,2.4646211356064,2.94756149943696,2.84075738051289,2.88835486829427,2.78213120653827,2.61031588479086,2.20457632431303,1.19806359488733,1.11738004852622,1.63572829960877,1.55736658191992,19.4348669011714,18.1607634172674,11.9806359488733,5.4957684672448,52.2939667281951,45.8944264502722,100,52.2817771276657,1.15220747861015,1.02973101614832,2.27190935580863,2.02579551654883,1.32402280035756,1.2508851971813,0.294872241377309,0.175878521923867,1.29906314213074,0.175298064755802,0.23450469589849,0.237406981738817,0.422572818351734,0.417929161007209,0.00986777185711466,0.000580457168065568,0.00232182867226227,0.000580457168065568
"H3K27me3_A549_E2_IR12",5.17424847033786,4.39706608900543,3.40326074563904,3.22464181203208,2.92060958461597,2.53866909892449,3.52202333447345,1.18572568692281,1.52586174134458,1.17337437768403,1.6560255387071,1.5790673811424,1.48975791433892,1.39854824611409,1.90780222703607,1.89735111921864,2.26884049709269,2.14437730399422,4.02177630828868,4.01227530118193,3.37570782502945,3.3776080264508,3.97807167559761,3.83840687112834,3.96667046706951,3.80800364838673,3.06122448979592,2.61277695435716,1.41755026032759,1.29878767149318,2.12252498764869,2.03226542013453,21.0779842663322,19.73834226428,13.9531790369779,6.59274883137613,60.9660624026147,55.2654581385627,85.5755710105271,100,1.25698324022346,1.13442024854635,2.93771139740813,2.60612624938243,1.644624330179,1.56101546763957,0.336335651579067,0.197620947820469,1.66742674723521,0.190020142135066,0.252726789039638,0.25652719188234,0.45984874396686,0.450347736860107,0.0104511078174286,0.000950100710675332,0,0
"H3K27ac_K562_E1_IRpseudo12",61.0014997175857,55.8031279823929,69.8478857877413,72.0682468885729,46.4873497847808,44.7071655337631,51.6506631868025,35.5569405761253,39.7834174084101,32.3977952203806,45.0382720137117,43.5443974835907,41.5713924001324,40.8702257367119,45.7433340474846,45.8076076582981,66.5971992287167,65.1189061800051,38.6362308396471,37.9545410279882,38.8173655610307,38.7823072278597,44.6701595154159,43.8540794266015,38.0655590830298,37.1150887170598,62.7836316537795,51.0098747638432,70.4107668036539,67.4015932064741,46.6158970064079,44.4578618312136,0.395380090762129,0.362269442767271,0.134390277155601,0.0720643515182206,2.59042128430361,2.4014958222153,3.90510877821709,2.83777730167696,100,77.7009524180511,57.3359562160372,55.1584441890813,48.3376507021405,46.351011822449,44.8142882184524,41.0805757357381,45.2583604386187,38.1551526011336,7.70699024209727,7.84917125995754,15.5775860389927,14.5901096546754,19.8508073155055,11.1134916152153,8.33998792435191,6.53058839569172
"H3K27ac_K562_E1_IR12",62.3873118135248,57.0767062613247,69.2503858801423,71.4538174171756,46.8760485873431,45.0439567814241,51.8980829027135,35.3264881551574,39.8720443818088,32.1768113996824,49.828870545601,48.2160034002192,46.2810102230275,45.5674115831152,50.7482719280585,50.8153815180189,72.3732187996331,70.8073283672237,42.6682772968257,42.0352101648659,42.8271033263987,42.8136814084066,48.3300897031519,47.5829362682594,42.0620540008501,41.1292307004004,65.3088159631345,54.0612486857705,75.8942352862224,73.4603941569917,49.8579513679171,47.7708431201485,0.21027671520927,0.199091783549203,0.0671095899604053,0.0246068496521486,2.61280003579178,2.43831510189473,3.91248909469163,2.87005346397334,89.242332729347,100,59.1884213587455,57.1348679059571,50.822092477015,48.9452609444556,47.4285842113505,43.5921526519473,48.2965349081717,40.719862201642,6.6393754334161,6.74227680468872,14.7148960919849,14.0370892333848,18.5647495693801,10.3460617855625,7.73773572243473,6.08236583674474
"H3K27ac_A549_E1_IRpseudo123",25.0406541659923,22.498131064407,22.0465037417247,22.0295484497468,65.0574553189522,62.7222491965504,70.4253466201167,53.023051490139,56.4125684955261,46.9253119388376,13.5912079104144,13.2143380114525,12.9207031822,12.5700369162948,14.2039105068862,14.2532349926399,17.3252256209876,17.0678134609604,20.266198084052,19.2627530770001,20.7663791973981,20.7394048692516,32.4932756853406,31.1723043012493,20.0164928749239,18.5483187286614,24.0302729031313,20.9289958613674,16.4096398541845,15.6011807048777,34.2250275523495,29.8944918421925,13.6605704685055,13.0609696885621,7.44876804389879,3.61841344708793,1.74331229335738,1.69321711251378,2.63346512219371,2.16873598298305,17.0138648046673,15.7560904179479,100,75.849498662844,48.9830678288749,41.6098279037864,37.1860380877513,32.8793939253813,33.0574244911486,25.2418055844566,3.63922221451527,3.64769986050419,5.56827202453893,5.44804359051428,18.7810686458117,11.3292178215533,7.92274552418827,6.34667406533953
"H3K27ac_A549_E1_IR123",28.048876937678,25.2777997469155,25.0128519455868,25.0098861119899,72.9555520404935,70.6056232204999,77.2995096488453,59.693332806074,63.9611673521038,53.7952783929136,16.7856295476115,16.349652008858,16.0323078139829,15.5983074976273,17.4628282189181,17.5132473900664,20.910115469788,20.6224296108826,25.0326241695666,23.7869740588421,25.724652008858,25.6930164504904,39.9448354950965,38.380852578298,24.760756089845,22.9545634292945,27.3163160392281,24.0519218601708,19.789030370136,18.8350205631129,42.5023726668776,37.2726194242328,13.5726431509016,12.9883739322999,7.70424707371085,3.83284561847517,1.90999683644416,1.86155488769377,2.90355109142676,2.3795871559633,20.3396868079722,18.913120847833,97.2961483707687,100,60.4387456501107,52.0642201834862,46.2571180006327,41.0599889275546,41.0787725403353,31.6009569756406,3.84965200885796,3.88524201202151,6.15707054729516,6.02657386902879,19.3688706105663,11.8020404935147,8.46053464093641,6.76605504587156
"H3K27ac_A549_E2_IRpseudo123",33.3679251723903,29.8791561411893,28.0002730934662,27.8964975762955,80.4205639380078,78.149791766232,83.3126237454769,67.1209121321772,70.8568307503243,60.7004847409026,23.4655560865706,22.96169864136,22.7596094763433,22.2461937598143,24.2192940533898,24.2739127466375,27.829589677067,27.4854919096061,33.9728272001092,32.3492865433195,35.0064859698232,34.9655219498874,52.6210145422271,50.5878336860791,33.556359664095,31.2336997337339,33.2423021779204,29.8955417491637,26.2169727589267,24.9648392162218,56.7488222844269,50.1140165221547,13.0306547415853,12.4489656584966,7.14412507680754,3.61848842766437,1.60442411415307,1.56346009421725,2.84153751621492,2.23800095582713,26.5105482351335,24.9143169249676,93.5754762067318,91.4931385266607,100,73.2900935345122,62.5657131153137,55.9909879156141,57.0410322933024,44.0868437222639,3.27985252952823,3.25663958489793,5.79777428825015,5.57383764593432,17.6705127329829,10.8513688809995,7.35304157848024,5.81689083088687
"H3K27ac_A549_E2_IR123",39.9831544237558,35.8488199136216,32.0083869464705,31.9008619917206,82.4519273848139,80.3766957581405,85.0522392071827,68.7120302503539,72.6689485851508,63.0203759789251,29.9546603107471,29.3507284815684,29.1984014623394,28.5424992383649,30.886543251913,30.9600186376588,34.6570849984767,34.2717872439562,43.1981505707783,41.232235981434,44.3970538162399,44.3414992562857,63.3734162470207,61.0920951237433,42.707119944087,39.8487482303185,40.2197093242057,36.6373362484543,32.4635759215785,30.9367215641297,67.9002168419921,61.0795505456891,13.9746599523306,13.3653518754144,7.78480672389384,4.06623537212595,1.94440959839429,1.8924392035985,3.46051146036809,2.7383021809645,32.3811401229369,30.6123546173008,97.2867869751438,96.204369097328,96.1882403541155,100,70.8374401892439,64.0508234619451,66.8375118725471,51.7696815469257,3.39599648751815,3.35477858819734,6.08412035626602,5.77229798749126,16.8133187577284,10.2399598573502,7.12532033476103,5.67373344563717
"H3K27ac_A549_E3_IRpseudo12",41.0361028684471,36.7973128915265,34.8685295087372,35.0828387734916,88.4211177052423,86.8055555555556,91.9592812396967,77.7056544675239,83.0510220903396,73.3226178700956,30.4525222551929,29.8631717771184,29.673590504451,29.1584240026377,31.2561819980218,31.3118199802176,35.3939993405869,35.0313221233103,43.0864655456644,40.8877349159248,44.8936696340257,44.8030003297066,67.1550445103857,64.7275799538411,42.5568743818002,39.369024068579,41.9366139136169,38.052258489944,34.2091163864161,32.7110121991428,75.7974777448071,66.7985492911309,11.1482030992417,10.581519947247,6.49934058687768,3.16106165512694,0.428618529508737,0.391526541378173,0.972634355423673,0.704747774480712,34.8149521925486,32.9067754698318,96.7173590504451,95.3037421694692,89.263930102209,81.8681998021761,100,80.8646554566436,75.267886580943,61.9003461918892,5.22584899439499,5.24645565446752,8.7516485328058,8.53733926805143,25.1833992746456,15.848582261787,11.5211836465546,9.32039235080778
"H3K27ac_A549_E3_IR12",42.0829638388019,37.7303182579564,36.7523893979702,37.047985023155,91.3833875258646,90.0753768844221,93.4993595428121,80.980884816238,85.8409695536506,76.776037047985,31.2346043945216,30.6631195191645,30.510395112819,30.0694649719184,32.0130062075081,32.0795152231747,36.4198443196374,35.9936939599961,44.5881367622426,42.1223765888265,46.5637008572273,46.4553157946596,70.9798994974874,68.4476303084048,43.9821657306139,40.380825697113,43.3934377771209,39.5704010247315,35.6956350379348,34.3950142871219,79.5570992215982,70.6424278254015,11.1882944132427,10.587249975367,6.62873189476796,3.27372154892108,0.347324859592078,0.298058922061287,0.667553453542221,0.485269484678293,36.9125036949453,35.0453246625283,97.699280717312,96.6252832791408,92.0755739481722,85.3803330377377,96.6646960291654,100,80.0990245344369,70.4453640752783,5.64833973790521,5.67297270667061,9.44181692777613,9.1782441619864,26.2685978914179,16.6247906197655,12.1859296482412,9.90984333431865
"H3K27ac_A549_E4_IRpseudo12",46.0939800597367,41.689453535821,37.3312018846494,37.5499558285306,87.7266417062808,85.7515460014303,90.5725463800429,74.9106053594716,81.784527365277,72.950233477767,34.0667199528838,33.2800471162341,33.0129148963022,32.2598965125573,35.2972108872155,35.3582095831055,39.0244415464221,38.5616928189811,50.4669555340541,48.0185940852299,52.5072567414076,52.4336376256783,74.5782676370367,71.9384964873165,49.6929031172437,46.2075638382904,45.7889865802869,41.8303815573598,36.3341887173447,34.5483993100837,84.5946741828278,75.7204156324934,12.9085860922973,12.3343569896092,7.41449665558874,3.71250683606075,2.73232089520845,2.66501198939885,4.290942745362,3.51058011863195,35.5916873501325,33.7785536998864,95.709057254638,94.0936435152076,90.9595725884481,84.3969542720121,82.8278154053258,75.7919313449161,100,69.5174792814774,5.19119936056539,5.2080265870178,8.89739598670649,8.57767868411089,23.2152622943923,14.5681713011653,10.2856421690295,8.32737369063144
"H3K27ac_A549_E4_IR12",44.909793814433,40.3028350515464,40.970595126523,41.3718369259606,93.6504217432052,92.4379100281162,94.6344892221181,82.8461808809747,89.2279756326148,80.9659090909091,33.2386363636364,32.5650187441425,32.4566541705717,32.0436972820993,34.0762652296157,34.0850515463918,38.9643861293346,38.5045688847235,48.2427366447985,45.325679475164,50.6677600749766,50.5125351452671,75.8581302717901,73.1109418931584,47.3904639175258,43.1993908153702,46.4093252108716,42.4261949390815,38.5104264292409,37.3272024367385,87.084114339269,78.3973758200562,11.0385426429241,10.4645032802249,6.64831302717901,3.3153701968135,0.430529522024367,0.398313027179007,0.740979381443299,0.52717900656045,39.837160262418,37.9041705716963,96.9862933458294,96.0139409559513,95.0269447047798,88.694939081537,92.7952202436739,90.0773195876289,96.7959231490159,100,6.31736176194939,6.31736176194939,10.8305998125586,10.4293580131209,28.072282099344,17.6458528584817,12.473641049672,10.1071930646673
"H3K36me3_K562_E1_IRpseudo12",18.0921052631579,14.5383951682485,8.88023080241588,9.360170405522,11.9863567730802,11.666846419327,15.728807161346,10.1609685073339,10.4764344262295,8.80473468507334,3.08185936151855,2.95378559102675,2.85806729939603,2.80279335634167,2.90255608283003,2.90525237273512,4.14150129421915,4.05791630716135,2.66797886108714,2.57360871440897,2.49946074201898,2.47654227782571,3.98781276962899,3.8273835202761,2.41183132010354,2.21500215703192,20.0213006902502,17.2940034512511,4.59447799827437,4.45022648835203,5.34135030198447,4.90455133735979,0.164473684210526,0.152340379637619,0.0417924935289042,0.0121333045729077,0.529820966350302,0.471850733390854,0.761701898188093,0.566220880069025,6.91193917169974,5.5031276962899,10.2634275237274,9.07975625539258,5.14452113891286,4.40843399482312,5.82668248490078,5.43706859361519,5.32786885245902,4.86680327868852,100,79.3545081967213,50.4947691975841,49.5092752372735,83.3908541846419,59.7969693701467,45.6697584124245,38.4760569456428
"H3K36me3_K562_E1_IR12",18.1056397702665,14.4928510901583,8.86787630973677,9.37226787899982,11.9695481996584,11.6722934348393,15.6939755470967,10.2102304060688,10.4240924314364,8.79120879120879,3.07746109459696,2.95909720634323,2.86359906922942,2.80979730184137,2.87839455526114,2.88915490873875,4.14542617724992,4.07279379127604,2.61611093924435,2.52195784631525,2.46815607892719,2.45067050452607,3.95981007976112,3.81320026362866,2.36727776507458,2.18031662340108,19.9591106567851,17.2663321990127,4.5852556256473,4.44402598625365,5.3129245295708,4.88385543465103,0.157370169610072,0.142574683578356,0.0457315022798499,0.0147954860317161,0.5501230715429,0.492286171600737,0.781470671311553,0.585094220345138,7.00499011392524,5.53351177586184,10.2990033222591,9.14630045596998,5.12058321115849,4.36197829098686,5.8697728220372,5.47029469918087,5.33848036908012,4.8596446393264,79.1719907998978,100,50.6624342609655,49.5527728085868,83.433090777032,59.8006644518272,45.5768221986092,38.5651068637605
"H3K36me3_K562_E2_IRpseudo12",10.3803417877797,8.99521323832009,13.5090645238147,14.4003552167039,15.3620394637094,14.9028568953194,17.7142671489528,11.9235850895623,12.9816543568195,10.2861227230393,4.68496177088523,4.5138512854946,3.70594987978947,3.63014143689489,4.29725573436722,4.31999826723559,7.27111265134614,7.06318092226386,3.77959236717278,3.62797548138361,3.71677965734584,3.71028179081202,5.87732027984145,5.73545019385302,3.56407979380104,3.34965019818493,12.3123741038359,9.43381922935303,7.73029521973619,7.5223634906539,6.48595377850939,5.9228053455782,0.0173276440901904,0.0151616885789166,0.00758084428945829,0.0021659555112738,0.701769585652711,0.610799454179211,0.971431046806299,0.71259936320908,9.6969828239728,8.33784574064849,10.1648292144079,9.21722367822565,6.12099027485975,5.26868678117351,6.57367497671598,6.1134094305703,6.15781151855141,5.59358010786459,33.2246745651844,33.3113127856354,100,73.0078624185059,78.4119214191341,57.2938551842145,45.720071909723,37.8858108254456
"H3K36me3_K562_E2_IR12",9.28172319963442,8.08424900816318,12.1035249153563,12.9489230002285,14.3863074590283,13.9231040857446,16.6742828656295,11.143883846042,12.0640591570945,9.53098062023555,4.23737615021914,4.08262883492927,3.31823941175249,3.2393078952288,3.85725858380242,3.88010718069086,6.5689716054255,6.31659846706686,3.39717092827618,3.25904077435972,3.33174085536838,3.32031655692416,5.33618594603577,5.18663149367509,3.18841783852273,2.99316619238519,10.7699977151403,8.28365494464408,6.84730905843009,6.71541034002866,5.8533950937831,5.33410880086409,0.0218100243025985,0.0186943065450844,0.00830858068670419,0.00311571775751407,0.654300729077955,0.570176349625075,0.917059593294975,0.670917890451364,8.53395093783104,7.43514114201442,9.29418607066448,8.42386224373221,5.53663045510251,4.69954095091706,5.98010094925534,5.54390046320337,5.54909332613256,5.02357559769852,31.1353675508381,31.1384832685956,70.0143323016846,100,78.590864715535,57.3780196497933,45.4188563238685,37.6949920029911
"H3K36me3_A549_E1_IRpseudo12",12.6963591323076,10.8711472445402,10.2066319217283,10.857180661428,21.1498173317946,20.4683950925837,23.8541888723087,17.1406728952727,18.6240710384522,15.3985254228567,3.39314461294188,3.26229978168025,2.8668249546086,2.80948845551643,3.28655753129617,3.29317328119142,5.27642808312322,5.09265725269959,4.24216584949904,3.98782702019274,3.97092010379377,3.9657745205419,7.16338696991304,6.9671197230206,3.99003227015782,3.60999419284176,13.5608171186204,11.5025838178758,5.25584575011578,5.09045200273451,9.09518593932622,8.19323870360705,4.07015635222252,3.86433302214806,2.33609479634517,1.07395673299568,0.00882099986033417,0.00735083321694514,0.0124964164688067,0.00808591653863965,6.4591771477297,5.59398407809525,17.5361477223443,15.7175515844721,10.9159873271635,9.35614051852778,10.8417439116724,9.95890884231728,9.01947235719169,8.2410191195172,21.8496166540477,21.8672586537684,31.4542153353083,32.9545203948868,100,42.3944604120877,37.9178029829681,30.497136850462
"H3K36me3_A549_E1_IR12",10.9187920865275,9.40327531620141,9.93684007521335,10.6279028654999,23.486492133134,22.7632868874853,25.6159298008775,18.660302460505,20.5518859585684,17.0178229914983,3.8538803979236,3.73977468138791,3.28013756970895,3.22710251836138,3.70763222602575,3.72691769924305,5.60885846069781,5.4320749562059,5.46903877987239,5.1186860164248,5.04957973739614,5.04315124632371,8.73631936743648,8.54346463526349,5.12672163026534,4.60119248509394,12.3555598412163,10.6423669704129,5.71171431785674,5.5477877955097,10.6021889012102,9.64916509972197,3.0567475049419,2.89442810536297,1.97033251370072,0.941773942111438,0.00160712276810826,0.00482136830432477,0.00160712276810826,0.00160712276810826,6.83830737830063,5.95117561030487,18.3228066792022,16.6144351767032,12.2269900197676,10.4864760619064,12.574128537679,11.6419973321762,10.555582340935,9.67166481847548,28.4958938013275,28.5392861160664,42.2705430467833,44.1669479131511,92.6875914051074,100,57.4466033460296,48.5784999116082
"H3K36me3_A549_E2_IRpseudo12",8.01351809521726,6.54577668894163,6.5949930550239,7.09043780691873,17.2541642514191,16.7390329530913,20.595408659893,15.0558332330778,15.7208010237004,13.1353012588453,2.36347926897291,2.28910787133748,1.9292815504249,1.90084542779959,2.15348944035523,2.14145877309068,3.56654599542835,3.42545907932585,3.32921374120941,3.12906718580819,2.96173154112848,2.96938742029683,5.25412050353811,5.0933470410027,3.05360209114871,2.7495543184627,9.09518445200311,7.56619601238065,3.68247787997769,3.58404514781315,7.14949744621745,6.50640359607581,2.62049806962475,2.48816072971465,1.35180952172629,0.567628755482156,0.00437478809620159,0.00437478809620159,0.00437478809620159,0,4.70070980936861,3.96574540920674,14.4346133234171,13.0478054969212,8.44115363162097,7.13746677895289,9.30298688657268,8.64130018702219,7.39229818555664,6.77217197292006,27.2111819583739,27.2363369899271,41.3111239924316,42.6366847855807,97.0929533100741,77.668894162939,100,62.4971290453119
"H3K36me3_A549_E2_IR12",8.55772615276311,6.92244514842192,6.59685556728851,7.09843951660214,17.4043763932887,16.8807931479526,20.6456060072744,15.0152528452423,15.9333567992491,13.3110407133638,2.47858735187141,2.38765692831163,2.05766748797372,2.02686847354218,2.286460166608,2.26739411005514,3.68561539364074,3.55361961750557,3.50522116625601,3.31309398099261,3.14736595095624,3.15469904963041,5.39276076498885,5.24169893230083,3.22069693769799,2.91270679338261,9.69288982752552,8.15000586647894,3.76921271852634,3.68121553443623,7.24803472955532,6.60272204622785,2.59445031092338,2.46538777425789,1.3184911416168,0.551449020298017,0.0029332394696703,0.00146661973483515,0.00146661973483515,0,4.68291681332864,3.95987328405491,14.1792795963862,12.7727912706793,8.18373812038015,6.89457937346005,9.18103954006805,8.54012671594509,7.45922797137158,6.82271500645313,29.2414642731433,29.3103954006805,43.3400797841136,44.8418983925848,97.2295553208964,79.6359849818139,83.8070515076851,100
